checkpoint,model,param,val_perplexity,test_perplexity,test_top1_acc,test_top5_acc,test_top1_acc_words,test_top5_acc_words,train_time_s,converged,timestamp
hmm_4,HMM,4,307.23,307.78,0.0832,0.2687,0.013,0.1557,257.7,True,2026-09-29 13:34:27
hmm_8,HMM,8,221.0,224.48,0.115,0.3028,0.0516,0.1929,380.3,True,2026-09-29 13:41:28
hmm_16,HMM,16,183.86,186.4,0.1273,0.3227,0.0666,0.2185,383.4,True,2026-09-29 13:48:37
hmm_32,HMM,32,150.93,156.14,0.1461,0.3555,0.0907,0.2609,723.6,True,2026-09-29 14:01:44
hmm_64,HMM,64,132.85,135.41,0.1617,0.3732,0.1045,0.2811,921.3,True,2026-09-29 14:17:51
ngram_2_a10.0,Ngram,2,145.79,152.49,0.1807,0.4049,0.1288,0.3159,0.6,,2026-09-29 03:43:38
ngram_2_a100.0,Ngram,2,128.59,134.43,0.1775,0.3984,0.1193,0.3031,0.6,,2026-09-29 04:00:47
ngram_2_a100.0_100.0,Ngram,2,128.59,134.43,0.1775,0.3984,0.1193,0.3031,0.6,,2026-09-29 05:19:37
ngram_2_a30.0,Ngram,2,133.72,139.93,0.1809,0.4053,0.1263,0.3125,0.6,,2026-09-29 03:52:12
ngram_2_a30.0_30.0,Ngram,2,133.72,139.93,0.1809,0.4053,0.1263,0.3125,0.6,,2026-09-29 05:10:15
ngram_2_a300.0,Ngram,2,131.24,136.8,0.1707,0.3847,0.1092,0.2867,0.6,,2026-09-29 19:12:36
ngram_2_a300.0_300.0,Ngram,2,131.24,136.8,0.1707,0.3847,0.1092,0.2867,0.6,,2026-09-29 05:28:37
ngram_3_a10.0,Ngram,3,159.17,166.44,0.214,0.4425,0.165,0.3607,1.3,,2026-09-29 04:09:27
ngram_3_a100.0,Ngram,3,115.89,121.42,0.2005,0.4345,0.1438,0.3437,1.3,,2026-09-29 04:26:50
ngram_3_a100.0_100.0_100.0,Ngram,3,115.89,121.42,0.2005,0.4345,0.1438,0.3437,1.3,,2026-09-29 05:45:57
ngram_3_a100.0_100.0_30.0,Ngram,3,121.06,126.75,0.2094,0.4423,0.154,0.3534,1.3,,2026-09-29 05:37:17
ngram_3_a100.0_100.0_300.0,Ngram,3,116.16,121.72,0.1928,0.4239,0.136,0.332,1.3,,2026-09-29 05:54:37
ngram_3_a30.0,Ngram,3,128.8,134.96,0.2102,0.4461,0.1574,0.3591,1.3,,2026-09-29 04:18:08
rnn_h64_l1_d0.293,RNN,64,86.81,90.02,0.2173,0.4442,0.1539,0.3552,85.1,,2026-09-29 05:25:37
rnn_h64_l2_d0.293,RNN,64,86.68,90.14,0.2145,0.4378,0.1491,0.3474,94.0,,2026-09-29 05:27:22
rnn_h128_l1_d0.293,RNN,128,78.39,80.73,0.2317,0.4616,0.164,0.3748,72.7,,2026-09-29 05:28:46
rnn_h128_l2_d0.293,RNN,128,77.63,80.31,0.2296,0.4584,0.1589,0.371,85.4,,2026-09-29 05:30:25
rnn_optuna_best,RNN,128,78.01,80.54,0.2326,0.4625,0.1647,0.3756,74.2,,2026-09-29 03:05:50
rnn_h256_l1_d0.293,RNN,256,73.16,75.05,0.2368,0.4698,0.1688,0.3842,63.9,,2026-09-29 05:31:44
rnn_h256_l2_d0.293,RNN,256,72.89,75.48,0.2379,0.4694,0.1658,0.3826,88.4,,2026-09-29 05:33:32
vbhmm_4,VB-HMM,4,329.92,332.17,0.0856,0.2493,0.0499,0.1404,187.1,True,2026-09-29 14:21:38
vbhmm_8,VB-HMM,8,273.94,279.63,0.1023,0.2725,0.0517,0.1551,276.7,True,2026-09-29 14:26:56
vbhmm_16,VB-HMM,16,221.34,225.17,0.132,0.3129,0.0677,0.2067,373.7,True,2026-09-29 14:33:55
vbhmm_32,VB-HMM,32,185.5,189.93,0.1401,0.3379,0.0768,0.2358,375.9,True,2026-09-29 14:41:14
vbhmm_64,VB-HMM,64,172.89,177.86,0.144,0.3486,0.0826,0.2478,459.7,True,2026-09-29 14:49:39
vbhmm_64_b0.01,VB-HMM-beta0,64,176.65,182.48,0.145,0.3459,0.0892,0.2434,442.6,,2026-09-29 14:57:47
vbhmm_64_b0.1,VB-HMM-beta0,64,172.89,177.86,0.144,0.3486,0.0826,0.2478,460.4,,2026-09-29 15:06:13
vbhmm_64_b1.0,VB-HMM-beta0,64,235.56,237.9,0.1216,0.2896,0.0447,0.1771,539.1,,2026-09-29 15:15:58