trial,val_perplexity,best_epoch,embed_size,dropout,lr
0,88.54590986523199,39,128,0.2993292420985183,0.0002051338263087451
1,83.87115384814116,7,256,0.3005575058716044,0.0026070247583707684
2,83.5323248120702,39,128,0.10616955533913808,0.0002310201887845295
3,78.91866211946984,33,256,0.21597250932105788,0.0003823475224675188
4,85.4693124614474,19,64,0.18318092164684585,0.000816845589476017
5,109.76788587455302,40,64,0.29620728443102123,0.0001238513729886094
6,93.44575362770273,12,64,0.4744427686266666,0.00853618986286683
7,84.82613097328587,33,64,0.34211651325607845,0.0007591104805282694
8,87.46664619254719,39,128,0.45466020103939103,0.00032927591344236165
9,93.36609659807475,39,64,0.2733551396716398,0.00023426581058204064
10,87.65713825612892,4,256,0.09637023271546555,0.004122444467482721
11,83.47193577023432,33,128,0.017516932526982262,0.0003341703812066833
12,80.95741268310076,14,128,0.07368003523675726,0.0008589076662258422
13,81.76438146240724,14,128,0.16439366051958426,0.0014788911336240692
14,86.62025519079535,40,256,0.19868007451435793,0.00013718338373041835
15,78.12023718445165,28,256,0.2585700066817657,0.000575211434968055
16,78.76575187918003,28,256,0.20513880778048535,0.0005465453328545115
17,79.68889710956061,39,256,0.36302577644077644,0.0003736491997674529
18,83.11921149567172,7,256,0.19751225466269767,0.002390006192909521
19,80.02260720295958,33,128,0.472339253129608,0.0012707276506775471
20,99.57325113761392,40,256,0.4591068647268437,0.00012022731315299903
21,78.34970287683124,33,256,0.23750532271010327,0.0005089347146876326
22,78.50053475056929,33,256,0.39342958630484237,0.0008883116653692044
23,78.91502667388362,33,256,0.3611545051454855,0.0007506031258558175
24,87.8974590791481,40,256,0.06792756873470118,0.00010510046022059276
25,78.62697809687478,19,256,0.2651013979782248,0.0008867164362114455
26,80.80290227384364,22,128,0.3781695349214999,0.0015616195181383837
27,81.91203640987277,39,256,0.45637609643529176,0.00037679707780360276
28,89.92869246679084,39,256,0.36203415260352245,0.00015612231095178463
29,78.98187346499056,39,256,0.42694471317093,0.0006575100253721711
30,80.88083058454639,19,256,0.4384216276658987,0.0016938325223294147
31,78.53330818609155,14,256,0.26796987817178636,0.001033269651819792
32,83.32368471018029,14,256,0.38794850610746734,0.0023956640127536202
33,81.86162153412052,39,256,0.32086725605915817,0.000259408446907604
34,80.82703267346784,39,128,0.304132410890119,0.0004226800095851522
35,79.8738985066426,39,256,0.23780174790912878,0.00026678695905696343
36,78.66143932926042,19,256,0.1401210454552346,0.0005848745665165235
37,78.27045587918764,33,256,0.29213483517240446,0.0004605900547011627
38,78.25620917755579,33,256,0.3206017115547374,0.0004715518956147429
39,78.63387376269895,19,256,0.33218235074341346,0.0012334411687465485
40,78.22008911413924,33,256,0.29024809331707313,0.0005035050903783955
41,78.00640487312766,33,256,0.29344543737535483,0.0006223162949930202
42,85.57450352269811,39,256,0.2966868479472559,0.00017402731842614973
43,78.1529634865156,33,256,0.33136162305569,0.0005415841730697234
44,78.26941319723896,39,256,0.3391514228461251,0.0005210813703026697
45,86.94833440110256,39,256,0.47509451693550275,0.0002549914009990465
46,88.3199394248235,39,256,0.43646576186490704,0.0002024477251331911
47,79.79850265662263,39,256,0.42171534455536064,0.00044382741101854563
48,84.03776676822207,39,256,0.40478577096307217,0.00026783223495395367
49,79.32227876686375,14,256,0.16154349075627686,0.0011397931544561226
